Country,Population (millions) mid-2023,"Births per 1,000 Population","Deaths per 1,000 Population",Rate of Natural Increase (%),Net Migration Rate
,,,,,
WORLD,,17,,0.9,
WORLD,,,,,
WORLD,"8,009",,8,,0
More Developed,,9,,-0.2,
More Developed,"1,276",,12,,2
More Developed,,,,,
Less Developed,,18,,1.1,
Less Developed,,,,,
Less Developed,"6,733",,8,,-0
Less Developed,,,,,
Least Developed,,32,,2.5,
Least Developed,"1,152",,7,,-1
High Income,"1,252",9,10,-0.1,6
Middle Income,"6,003",16,8,0.9,-1
Upper-Middle Income,"2,780",11,8,0.3,1
Lower-Middle Income,"3,223",22,8,1.4,-2
Low Income,722,35,8,2.7,0
,,,,,
AFRICA,,32,,2.4,
AFRICA,,,,,
AFRICA,"1,453",,8,,-0
NORTHERN AFRICA,,23,,1.7,
NORTHERN AFRICA,256,,6,,-1
NORTHERN AFRICA,,,,,
Algeria,,24,,1.9,
Algeria,,,,,
Algeria,46.8,,5,,-1
Algeria,,,,,
Egypt,,21,,1.5,
Egypt,105.2,,6,,-0
Libya,6.9,17,6,1.1,0
Morocco,37.0,16,5,1.1,-1
Sudan,48.1,33,7,2.6,0
Tunisia,11.9,14,11,0.2,-1
Western Sahara,0.6,16,6,1.0,10
,,,,,
AFRICA,,32,,2.4,
AFRICA,"1,453",,8,,-0
SUB-SAHARAN AFRICA,"1,197",34,9,2.6,-0
WESTERN AFRICA,442,36,10,2.5,-0
WESTERN AFRICA,,,,,
Benin,,36,,2.7,
Benin,13.7,,9,,0
Burkina Faso,,31,,2.2,
Burkina Faso,22.9,,9,,-1
Cabo Verde,0.6,14,6,0.8,-2
Côte d'Ivoire,30.9,33,9,2.4,0
Côte d'Ivoire,,,,,
Gambia,2.8,34,7,2.7,-1
Ghana,34.1,27,8,1.9,0
Guinea,14.2,34,10,2.4,0
Guinea-Bissau,2.2,31,9,2.2,-1
Liberia,5.4,31,9,2.2,-1
Mali,23.3,41,9,3.2,-2
Mauritania,4.9,39,7,3.2,1
Niger,27.2,45,8,3.7,0
Nigeria,223.8,37,12,2.5,0
Senegal,18.3,32,6,2.7,-1
Sierra Leone,8.9,33,9,2.4,0
Togo,9.1,31,8,2.3,0
,,,,,
AFRICA,,32,,2.4,
AFRICA,"1,453",,8,,-0
SUB-SAHARAN AFRICA,,34,,2.6,
SUB-SAHARAN AFRICA,"1,197",,9,,-0
EASTERN AFRICA,,33,,2.6,
EASTERN AFRICA,483,,7,,-1
Burundi,,34,,2.7,
Burundi,13.2,,7,,0
Comoros,,29,,2.0,
Comoros,0.9,,9,,-2
Djibouti,,22,,1.3,
Djibouti,1.1,,9,,1
Eritrea,,28,,2.1,
Eritrea,3.7,,7,,-5
Ethiopia,,32,,2.5,
Ethiopia,126.5,,6,,-0
Kenya,,28,,2.1,
Kenya,55.1,,8,,-0
Madagascar,30.4,35,7,2.8,-0
Malawi,19.8,32,7,2.6,0
Mauritius,1.3,10,10,-0.1,-2
Mayotte,0.3,36,3,3.3,5
Mozambique,33.9,39,9,3.0,-0
Réunion,0.9,16,7,0.9,-5
Rwanda,14.1,28,6,2.2,1
Seychelles,0.1,13,8,0.5,0
Somalia,18.1,43,11,3.2,-2
South Sudan,11.1,29,11,1.8,-3
Tanzania,67.4,34,6,2.8,-0
Uganda,48.6,36,6,3.1,-3
Zambia,20.2,34,7,2.7,-0
Zimbabwe,16.7,29,8,2.1,-1
Zimbabwe,,,,,
,,,,,
AFRICA,,32,,2.4,
AFRICA,"1,453",,8,,-0
AFRICA,,,,,
SUB-SAHARAN AFRICA,,34,,2.6,
SUB-SAHARAN AFRICA,"1,197",,9,,-0
SUB-SAHARAN AFRICA,,,,,
MIDDLE AFRICA,,40,,3.0,
MIDDLE AFRICA,202,,9,,-1
Angola,,38,,3.0,
Angola,36.7,,8,,-0
Cameroon,,35,,2.6,
Cameroon,28.1,,9,,-2
Central African Republic,6.2,44,20,2.3,-23
Chad,18.3,43,12,3.1,-0
Congo,6.1,30,7,2.3,-0
"Congo, Dem. Rep.",102.3,42,9,3.2,-0
Equatorial Guinea,1.7,30,9,2.1,2
Gabon,2.4,30,7,2.3,0
São Tomé and Príncipe,0.2,28,6,2.2,-3
,,,,,
AFRICA,,32,,2.4,
AFRICA,,,,,
AFRICA,"1,453",,8,,-0
AFRICA,,,,,
SUB-SAHARAN AFRICA,,34,,2.6,
SUB-SAHARAN AFRICA,"1,197",,9,,-0
SUB-SAHARAN AFRICA,,,,,
SOUTHERN AFRICA,,20,,0.9,
SOUTHERN AFRICA,70,,11,,2
SOUTHERN AFRICA,,,,,
Botswana,2.7,25,5,2.0,1
Eswatini,1.2,24,12,1.2,-5
Lesotho,2.3,26,14,1.2,-2
Namibia,2.6,27,11,1.5,-2
South Africa,60.7,20,11,0.9,2
South Africa,,,,,
,,,,,
AMERICAS,,13,,0.4,
AMERICAS,,,,,
AMERICAS,"1,027",,9,,2
AMERICAS,,,,,
NORTHERN AMERICA,,11,,0.1,
NORTHERN AMERICA,375,,10,,5
NORTHERN AMERICA,,,,,
Canada,,9,,0.1,
Canada,40.1,,8,,11
Canada,,,,,
United States of America,335.0,11,10,0.1,4
,,,,,
AMERICAS,,13,,0.4,
AMERICAS,"1,027",,9,,2
AMERICAS,,,,,
"LATIN AMERICA AND
THE CARIBBEAN",,14,,0.6,
"LATIN AMERICA AND
THE CARIBBEAN",652,,8,,0
"LATIN AMERICA AND
THE CARIBBEAN",,,,,
CENTRAL AMERICA,,16,,0.8,
CENTRAL AMERICA,182,,8,,-0
CENTRAL AMERICA,,,,,
Belize,,16,,1.1,
Belize,0.5,,5,,1
Belize,,,,,
Costa Rica,,10,,0.5,
Costa Rica,5.3,,6,,5
El Salvador,6.4,16,8,0.8,-4
Guatemala,18.1,22,5,1.6,-2
Honduras,9.7,21,5,1.5,-1
Mexico,131.0,15,9,0.6,-0
Nicaragua,6.8,18,5,1.3,-2
Panama,4.5,15,6,1.0,3
,,,,,
AMERICAS,,13,,0.4,
AMERICAS,"1,027",,9,,2
"LATIN AMERICA AND
THE CARIBBEAN",,14,,0.6,
"LATIN AMERICA AND
THE CARIBBEAN",652,,8,,0
"LATIN AMERICA AND
THE CARIBBEAN",,,,,
CARIBBEAN,,15,,0.5,
CARIBBEAN,44,,10,,-2
Antigua and Barbuda,,12,,0.6,
Antigua and Barbuda,0.1,,6,,0
Bahamas,,11,,0.4,
Bahamas,0.4,,7,,2
Barbados,,11,,0.2,
Barbados,0.3,,9,,-0
Cuba,,9,,-0.6,
Cuba,11.0,,15,,0
Curaçao,,8,,-0.2,
Curaçao,0.1,,11,,-12
Dominica,0.07,13,9,0.4,-1
Dominican Republic,11.3,18,6,1.2,-3
Grenada,0.1,16,8,0.8,-2
Guadeloupe,0.4,11,10,0.1,-2
Haiti,11.6,22,8,1.4,-2
Jamaica,2.8,12,9,0.3,-4
Martinique,0.3,10,11,-0.1,-10
Puerto Rico,3.3,6,10,-0.4,-2
St. Kitts and Nevis,0.05,12,9,0.3,0
St. Lucia,0.2,11,10,0.1,0
St. Vincent and the Grenadines,0.1,12,11,0.2,-1
Trinidad and Tobago,1.4,11,8,0.3,-4
,,,,,
AMERICAS,,13,,0.4,
AMERICAS,"1,027",,9,,2
"LATIN AMERICA AND
THE CARIBBEAN",652,14,8,0.6,0
"LATIN AMERICA AND
THE CARIBBEAN",,,,,
SOUTH AMERICA,,14,,0.6,
SOUTH AMERICA,426,,8,,1
Argentina,46.3,14,9,0.5,0
Argentina,,,,,
Bolivia,,21,,1.4,
Bolivia,12.2,,6,,-1
Brazil,204.0,12,8,0.4,0
Brazil,,,,,
Chile,20.0,9,7,0.2,2
Colombia,52.2,14,7,0.7,4
Ecuador,17.1,17,5,1.2,-1
French Guiana,0.3,27,5,2.2,-4
Guyana,0.8,19,10,1.0,-5
Paraguay,6.2,20,7,1.3,-2
Peru,33.8,17,8,1.0,-2
Suriname,0.6,17,9,0.8,-1
Uruguay,3.6,10,9,0.0,0
Venezuela,28.8,16,8,0.7,11
,,,,,
ASIA,,14,,0.7,
ASIA,"4,739",,7,,0
WESTERN ASIA,299,19,5,1.4,2
Armenia,3.0,12,9,0.3,-1
Azerbaijan,10.2,12,6,0.6,0
Azerbaijan,,,,,
Bahrain,1.6,11,2,0.9,0
Bahrain,,,,,
Cyprus,,10,,0.3,
Cyprus,1.3,,7,,4
Georgia,,11,,-0.2,
Georgia,3.8,,13,,-3
Iraq,45.5,27,4,2.3,-0
Israel,9.8,19,5,1.4,8
Jordan,11.4,22,4,1.8,-12
Kuwait,4.4,11,2,0.9,5
Lebanon,5.4,15,9,0.6,-29
Oman,5.0,18,3,1.4,0
Palestinian Territory,5.5,29,4,2.5,-1
Qatar,2.7,9,1,0.8,0
Saudi Arabia,36.9,17,3,1.4,1
Syria,23.2,21,5,1.5,34
Türkiye,85.6,12,6,0.6,1
United Arab Emirates,9.5,10,2,0.8,0
Yemen,34.4,30,7,2.3,-1
ASIA,,14,,0.7,
ASIA,,,,,
ASIA,"4,739",,7,,0
ASIA,,,,,
CENTRAL ASIA,,24,,1.8,
CENTRAL ASIA,80,,5,,-0
CENTRAL ASIA,,,,,
CENTRAL ASIA,,,,,
Kazakhstan,,21,,1.4,
Kazakhstan,,,,,
Kazakhstan,19.9,,7,,0
Kyrgyzstan,6.8,22,5,1.8,-1
Tajikistan,10.2,27,5,2.2,-2
Turkmenistan,7.1,21,7,1.4,-1
Uzbekistan,36.4,26,5,2.1,0
,,,,,
ASIA,,14,,0.7,
ASIA,"4,739",,7,,0
ASIA,,,,,
SOUTH ASIA,,20,,1.2,
SOUTH ASIA,"2,029",,7,,-1
SOUTH ASIA,,,,,
Afghanistan,42.4,42,7,3.5,-2
Afghanistan,,,,,
Bangladesh,,21,,1.5,
Bangladesh,173.5,,5,,-2
Bhutan,0.8,14,4,1.0,0
India,"1,428.6",18,8,1.0,-0
Iran,89.2,13,6,0.7,-0
Maldives,0.6,13,3,1.0,2
Nepal,30.9,21,7,1.4,-2
Pakistan,240.5,27,7,2.0,-1
Sri Lanka,22.7,15,7,0.7,0
,,,,,
ASIA,,14,,0.7,
ASIA,"4,739",,7,,0
ASIA,,,,,
SOUTHEAST ASIA,,15,,0.8,
SOUTHEAST ASIA,682,,7,,0
Brunei,,15,,1.1,
Brunei,0.4,,4,,-2
Cambodia,17.0,22,7,1.6,-2
Cambodia,,,,,
Indonesia,,17,,1.1,
Indonesia,278.7,,6,,-0
Indonesia,,,,,
Laos,7.5,21,7,1.4,0
Malaysia,33.4,15,9,0.7,1
Myanmar,55.4,19,8,1.1,0
Philippines,117.3,12,8,0.4,-1
Singapore,5.8,8,6,0.2,3
Thailand,66.0,7,9,-0.2,3
Timor-Leste,1.4,25,7,1.8,-4
Vietnam,98.9,15,7,0.8,-1
,,,,,
ASIA,,14,,0.7,
ASIA,"4,739",,7,,0
ASIA,,,,,
EAST ASIA,,7,,-0.1,
EAST ASIA,"1,648",,8,,0
EAST ASIA,,,,,
China,,7,,-0.1,
China,"1,411.3",,7,,0
China,,,,,
"China, Hong Kong SARh",,4,,-0.4,
"China, Hong Kong SARh",7.3,,8,,3
"China, Hong Kong SARh",,,,,
"China, Macao SARh",0.7,6,4,0.2,7
Japan,124.5,6,13,-0.7,2
"Korea, North",26.2,13,9,0.4,-0
"Korea, South",51.4,5,7,-0.2,1
Mongolia,3.5,19,6,1.4,0
Taiwan,23.4,6,9,-0.3,11
,,,,,
EUROPE,,9,,-0.4,
EUROPE,744,,12,,0
EUROPE,,,,,
EUROPEAN UNION,,9,,-0.3,
EUROPEAN UNION,449,,12,,9
NORTHERN EUROPE,108,10,10,0.0,5
NORTHERN EUROPE,,,,,
Channel Islands,,10,,0.2,
Channel Islands,0.2,,8,,7
Denmark,,10,,0.0,
Denmark,5.9,,10,,10
Estonia,1.4,9,13,-0.4,29
Finland,5.6,8,11,-0.3,6
Iceland,0.4,11,7,0.4,26
Ireland,5.2,11,7,0.4,12
Latvia,1.9,8,16,-0.8,12
Lithuania,2.9,8,15,-0.7,26
Norway,5.5,9,8,0.1,11
Sweden,10.5,10,9,0.1,5
United Kingdom,68.1,10,10,0.0,2
,,,,,
EUROPE,,9,,-0.4,
EUROPE,744,,12,,0
EUROPE,,,,,
EUROPEAN UNION,,9,,-0.3,
EUROPEAN UNION,449,,12,,9
EUROPEAN UNION,,,,,
WESTERN EUROPE,,10,,-0.1,
WESTERN EUROPE,199,,11,,11
WESTERN EUROPE,,,,,
Austria,,9,,-0.1,
Austria,9.2,,10,,15
Austria,,,,,
Belgium,,10,,0.0,
Belgium,11.8,,10,,10
France,65.9,11,10,0.1,2
Germany,84.9,9,13,-0.4,17
Liechtenstein,0.04,10,7,0.3,4
Luxembourg,0.7,10,7,0.3,22
Monaco,0.04,10,9,0.1,6
Netherlands,17.9,9,10,0.0,13
Switzerland,8.8,9,8,0.1,8
,,,,,
EUROPE,,9,,-0.4,
EUROPE,744,,12,,0
EUROPE,,,,,
EUROPEAN UNION,,9,,-0.3,
EUROPEAN UNION,449,,12,,9
EASTERN EUROPE,,9,,-0.6,
EASTERN EUROPE,285,,15,,-12
Belarus,9.2,9,13,-0.4,1
Belarus,,,,,
Bulgaria,,9,,-1.0,
Bulgaria,6.4,,18,,4
Bulgaria,,,,,
Czechia,10.9,9,11,-0.2,31
Hungary,9.6,9,14,-0.5,3
Moldova,3.4,11,14,-0.4,1
Poland,37.7,8,11,-0.4,0
Romania,19.1,9,18,-0.8,5
Russia,146.9,9,14,-0.5,11
Slovakia,5.4,10,11,-0.1,0
Ukraine,36.7,8,21,-1.3,-155
,,,,,
EUROPE,,9,,-0.4,
EUROPE,744,,12,,0
EUROPEAN UNION,449,9,12,-0.3,9
EUROPEAN UNION,,,,,
SOUTHERN EUROPE,,7,,-0.5,
SOUTHERN EUROPE,152,,12,,7
Albania,,8,,0.1,
Albania,2.7,,8,,-12
Andorra,0.08,6,5,0.2,23
Bosnia-Herzegovina,3.4,7,12,-0.4,-2
Bosnia-Herzegovina,,,,,
Croatia,,9,,-0.5,
Croatia,3.8,,14,,3
Greece,10.6,8,14,-0.6,1
Italy,58.8,7,12,-0.5,4
Kosovoi,1.7,13,6,0.7,-22
Malta,0.6,9,7,0.2,2
Montenegro,0.6,11,12,0.0,-1
North Macedonia,1.8,10,12,-0.2,1
Portugal,10.5,8,12,-0.4,8
San Marino,0.04,6,7,-0.2,5
Serbia,6.6,9,16,-0.7,-0
Slovenia,2.1,8,11,-0.2,7
Spain,48.3,7,11,-0.4,15
,,,,,
OCEANIA,,15,,0.8,
OCEANIA,45,,7,,12
Australia,26.6,11,7,0.4,17
Australia,,,,,
Federated States of Micronesia,,21,,1.4,
Federated States of Micronesia,0.1,,6,,-5
Fiji,,23,,1.5,
Fiji,0.9,,8,,-5
French Polynesia,0.3,13,6,0.7,-0
Guam,0.2,18,6,1.2,-3
Guam,,,,,
Kiribati,,27,,2.0,
Kiribati,0.1,,7,,-3
Marshall Islands,0.05,19,8,1.1,0
Nauru,0.01,27,7,2.0,-11
New Caledonia,0.3,14,5,0.9,2
New Zealand,5.2,11,7,0.4,17
Palau,0.02,15,13,0.2,-1
Papua New Guinea,9.5,25,6,1.9,-0
Samoa,0.2,27,5,2.2,-7
Solomon Islands,0.8,29,5,2.4,-2
Tonga,0.1,23,7,1.6,-7
Tuvalu,0.01,23,10,1.3,-5
Vanuatu,0.3,29,5,2.4,0
